id;user_id;vendor_id
1;221;1
2;222;2
3;223;3
4;224;4
5;225;5
6;226;6
7;227;7
8;228;8
9;229;9
10;230;10
11;231;11
12;232;12
13;233;13
14;234;14
15;235;15
16;236;16
17;237;17
18;238;18
19;239;19
20;240;20
21;241;21
22;242;22
23;243;23
24;244;24
25;245;25
26;246;26
27;247;27
28;248;28
29;249;29
30;250;30
31;251;31
32;252;32
33;253;33
34;254;34
35;255;35
36;256;36
37;257;37
38;258;38
39;259;39
40;260;40
41;261;41
42;262;42
43;263;43
44;264;44
45;265;45
46;266;46
47;267;47
48;268;48
49;269;49
50;270;50
51;221;1
52;222;1
53;223;1
54;224;1
55;225;1
56;226;1
57;227;1
58;228;1
59;229;1
60;230;2
61;231;2
62;232;2
63;233;2
64;234;2
65;235;2
66;236;2
67;237;2
68;238;2
69;239;2
70;240;3
71;241;3
72;242;3
73;243;3
74;244;3
75;245;3
76;246;3
77;247;3
78;248;3
79;249;3
80;250;4
81;251;4
82;252;4
83;253;4
84;254;4
85;255;4
86;256;4
87;257;4
88;258;4
89;259;4
90;260;5
91;261;5
92;262;5
93;263;5
94;264;5
95;265;5
96;266;5
97;267;5
98;268;5
99;269;5
100;270;6
101;271;6
102;272;6
103;273;6
104;274;6
105;275;6
106;276;6
107;277;6
108;278;6
109;279;6
110;280;7
111;281;7
112;282;7
113;283;7
114;284;7
115;285;7
116;286;7
117;287;7
118;288;7
119;289;7
120;290;8
121;291;8
122;292;8
123;293;8
124;294;8
125;295;8
126;296;8
127;297;8
128;298;8
129;299;8
130;300;9
131;301;9
132;302;9
133;303;9
134;304;9
135;305;9
136;306;9
137;307;9
138;308;9
139;309;9
140;310;10
141;311;10
142;312;10
143;313;10
144;314;10
145;315;10
146;316;10
147;317;10
148;318;10
149;319;10
150;320;11
151;321;11
152;322;11
153;323;11
154;324;11
155;325;11
156;326;11
157;327;11
158;328;11
159;329;11
160;330;12
161;331;12
162;332;12
163;333;12
164;334;12
165;335;12
166;336;12
167;337;12
168;338;12
169;339;12
170;340;13
171;341;13
172;342;13
173;343;13
174;344;13
175;345;13
176;346;13
177;347;13
178;348;13
179;349;13
180;350;14
181;351;14
182;352;14
183;353;14
184;354;14
185;355;14
186;356;14
187;357;14
188;358;14
189;359;14
190;360;15
191;361;15
192;362;15
193;363;15
194;364;15
195;365;15
196;366;15
197;367;15
198;368;15
199;369;15
200;370;16
201;371;16
202;372;16
203;373;16
204;374;16
205;375;16
206;376;16
207;377;16
208;378;16
209;379;16
210;380;17
211;381;17
212;382;17
213;383;17
214;384;17
215;385;17
216;386;17
217;387;17
218;388;17
219;389;17
220;390;18
221;391;18
222;392;18
223;393;18
224;394;18
225;395;18
226;396;18
227;397;18
228;398;18
229;399;18
230;400;19
231;401;19
232;402;19
233;403;19
234;404;19
235;405;19
236;406;19
237;407;19
238;408;19
239;409;19
240;410;20
241;411;20
242;412;20
243;413;20
244;414;20
245;415;20
246;416;20
247;417;20
248;418;20
249;419;20
250;420;21
251;421;21
252;422;21
253;423;21
254;424;21
255;425;21
256;426;21
257;427;21
258;428;21
259;429;21
260;430;22
261;431;22
262;432;22
263;433;22
264;434;22
265;435;22
266;436;22
267;437;22
268;438;22
269;439;22
270;440;23
271;441;23
272;442;23
273;443;23
274;444;23
275;445;23
276;446;23
277;447;23
278;448;23
279;449;23
280;450;24
281;451;24
282;452;24
283;453;24
284;454;24
285;455;24
286;456;24
287;457;24
288;458;24
289;459;24
290;460;25
291;461;25
292;462;25
293;463;25
294;464;25
295;465;25
296;466;25
297;467;25
298;468;25
299;469;25
300;470;26
301;471;26
302;472;26
303;473;26
304;474;26
305;475;26
306;476;26
307;477;26
308;478;26
309;479;26
310;480;27
311;481;27
312;482;27
313;483;27
314;484;27
315;485;27
316;486;27
317;487;27
318;488;27
319;489;27
320;490;28
321;491;28
322;492;28
323;493;28
324;494;28
325;495;28
326;496;28
327;497;28
328;498;28
329;499;28
330;500;29
331;501;29
332;502;29
333;503;29
334;504;29
335;505;29
336;506;29
337;507;29
338;508;29
339;509;29
340;510;30
341;511;30
342;512;30
343;513;30
344;514;30
345;515;30
346;516;30
347;517;30
348;518;30
349;519;30
350;520;31
351;521;31
352;522;31
353;523;31
354;524;31
355;525;31
356;526;31
357;527;31
358;528;31
359;529;31
360;530;32
361;531;32
362;532;32
363;533;32
364;534;32
365;535;32
366;536;32
367;537;32
368;538;32
369;539;32
370;540;33
371;541;33
372;542;33
373;543;33
374;544;33
375;545;33
376;546;33
377;547;33
378;548;33
379;549;33
380;550;34
381;551;34
382;552;34
383;553;34
384;554;34
385;555;34
386;556;34
387;557;34
388;558;34
389;559;34
390;560;35
391;561;35
392;562;35
393;563;35
394;564;35
395;565;35
396;566;35
397;567;35
398;568;35
399;569;35
400;570;36
401;571;36
402;572;36
403;573;36
404;574;36
405;575;36
406;576;36
407;577;36
408;578;36
409;579;36
410;580;37
411;581;37
412;582;37
413;583;37
414;584;37
415;585;37
416;586;37
417;587;37
418;588;37
419;589;37
420;590;38
421;591;38
422;592;38
423;593;38
424;594;38
425;595;38
426;596;38
427;597;38
428;598;38
429;599;38
430;600;39
431;601;39
432;602;39
433;603;39
434;604;39
435;605;39
436;606;39
437;607;39
438;608;39
439;609;39
440;610;40
441;611;40
442;612;40
443;613;40
444;614;40
445;615;40
446;616;40
447;617;40
448;618;40
449;619;40
450;620;41
451;621;41
452;622;41
453;623;41
454;624;41
455;625;41
456;626;41
457;627;41
458;628;41
459;629;41
460;630;42
461;631;42
462;632;42
463;633;42
464;634;42
465;635;42
466;636;42
467;637;42
468;638;42
469;639;42
470;640;43
471;641;43
472;642;43
473;643;43
474;644;43
475;645;43
476;646;43
477;647;43
478;648;43
479;649;43
480;650;44
481;651;44
482;652;44
483;653;44
484;654;44
485;655;44
486;656;44
487;657;44
488;658;44
489;659;44
490;660;45
491;661;45
492;662;45
493;663;45
494;664;45
495;665;45
496;666;45
497;667;45
498;668;45
499;669;45
500;670;46
501;671;46
502;672;46
503;673;46
504;674;46
505;675;46
506;676;46
507;677;46
508;678;46
509;679;46
510;680;47
511;681;47
512;682;47
513;683;47
514;684;47
515;685;47
516;686;47
517;687;47
518;688;47
519;689;47
520;690;48
521;691;48
522;692;48
523;693;48
524;694;48
525;695;48
526;696;48
527;697;48
528;698;48
529;699;48
530;700;49
531;701;49
532;702;49
533;703;49
534;704;49
535;705;49
536;706;49
537;707;49
538;708;49
539;709;49
540;710;50
541;711;50
542;712;50
543;713;50
544;714;50
545;715;50
546;716;50
547;717;50
548;718;50
549;719;50
550;720;50
551;721;50
552;722;50
553;723;50
554;724;50
555;725;50
556;726;50
557;727;50
558;728;50
559;729;50
560;730;50
561;731;50
562;732;50
563;733;50
564;734;50
565;735;50
566;736;50
567;737;50
568;738;50
569;739;50
570;740;50
571;741;50
572;742;50
573;743;50
574;744;50
575;745;50
576;746;50
577;747;50
578;748;50
579;749;50
580;750;50
581;751;50
582;752;50
583;753;50
584;754;50
585;755;50
586;756;50
587;757;50
588;758;50
589;759;50
590;760;50
591;761;50
592;762;50
593;763;50
594;764;50
595;765;50
596;766;50
597;767;50
598;768;50
599;769;50
600;770;50
601;771;50
602;772;50
603;773;50
604;774;50
605;775;50
606;776;50
607;777;50
608;778;50
609;779;50
610;780;50
611;781;50
612;782;50
613;783;50
614;784;50
615;785;50
616;786;50
617;787;50
618;788;50
619;789;50
620;790;50
621;791;50
622;792;50
623;793;50
624;794;50
625;795;50
626;796;50
627;797;50
628;798;50
629;799;50
630;800;50
631;801;50
632;802;50
633;803;50
634;804;50
635;805;50
636;806;50
637;807;50
638;808;50
639;809;50
640;810;50


